ambient_temp,humidity,gas,voc,co,core_temp,light,ph
23.0,94.91755,439.99982,350.7625,17.12019,21.576208,624.38403,4.6307077
4.507157,59.655582,99.26383,141.76605,4.7501235,4.0764947,250.27147,6.5427456
22.975315,94.90199,438.21786,344.28677,15.38057,21.587065,587.7046,5.359402
18.889984,94.723076,376.6139,315.28558,11.940026,21.591087,594.2708,6.108812
4.61609,73.71225,300.9738,182.54237,11.422766,21.594526,584.41,5.8899627
4.51526,63.740276,98.87395,143.72862,7.0114145,4.0764813,250.04433,6.467664
4.5048347,60.615776,159.15218,120.63453,7.578041,21.582514,582.38324,6.4653487
4.5463815,59.270973,98.90954,138.36183,4.478885,4.0764813,250.07458,6.8092494
22.547401,94.32435,431.65152,315.0195,11.826178,21.587475,589.06274,5.7376757
4.52427,56.458694,98.78921,114.929344,3.9601574,4.076481,250.0,6.753962
4.5226326,58.053764,98.85418,133.92084,4.8357825,4.076481,250.00542,6.597324
4.542233,63.519283,99.315094,140.79478,6.2171016,4.076518,250.64725,6.5955954
4.522445,60.269283,98.791016,112.79304,4.0187836,4.076481,250.0006,6.675821
4.5099435,82.67792,150.83633,248.52106,12.903919,21.594198,530.8672,5.3207088
23.0,94.91755,440.0,350.77045,17.129005,21.585396,626.29614,4.5683985
4.5157137,61.09489,98.831375,136.95174,5.863208,4.0764813,250.0913,6.730786
4.521396,60.748516,98.80906,112.18721,4.587107,4.076481,250.00244,6.60039
4.5591674,58.31122,98.88624,131.92778,5.10209,4.076481,250.03796,6.5892735
4.579868,82.58437,243.15292,159.7448,9.964017,21.594551,570.2743,5.925088
4.5236697,59.38466,98.79053,130.13776,4.7380857,4.076481,250.00027,6.386147
4.517486,61.00548,98.79018,113.85939,4.1786256,4.076481,250.00003,6.502508
4.5294147,61.390236,98.790634,104.3204,4.359225,4.076481,250.00052,6.6487
4.50925,56.488293,98.78926,107.82676,3.9835804,4.076481,250.0,6.6372623
22.998959,94.91031,438.2478,344.9645,16.2845,21.566277,530.2899,5.1447797
4.5169272,60.91246,98.79394,119.9743,5.5513635,4.076481,250.00107,6.7059426
4.516631,58.322468,123.346,144.53345,8.272181,21.572412,461.7221,6.384712
23.0,94.91755,439.9999,350.76932,17.085386,21.579533,600.01874,4.5997667
4.7850823,61.53067,399.2109,141.43054,8.535066,21.594856,596.5409,5.709407
4.549684,56.204086,98.789116,103.75591,3.9355702,4.076481,250.0,6.6165924
4.5341997,60.541077,98.791374,117.421196,4.792161,4.076481,250.00014,6.688804
13.6582,91.51567,425.41678,263.0468,11.603343,21.593868,590.6254,5.4380803
22.180132,94.01542,438.71323,320.155,11.166593,21.591501,599.2172,5.1678534
10.257856,93.295364,276.52414,267.87463,14.142969,21.593046,523.39435,5.8829274
23.0,94.91755,439.9997,350.7666,17.12487,21.566679,614.5944,4.618733
22.9998,94.913376,439.64603,345.90756,16.827366,21.577545,565.807,4.8683896
4.5330873,57.584705,98.78939,130.695,4.3913193,4.076481,250.0,6.591415
4.52225,59.17256,98.79447,114.36365,4.6083193,4.076481,250.00256,6.5999966
4.569688,61.754055,98.8284,134.50752,4.961558,4.076481,250.00287,6.6059775
16.306894,92.580124,424.3218,231.61694,11.627958,21.594582,603.49927,6.0836606
4.7454576,90.83539,349.3795,201.67368,8.913071,21.594713,588.39355,6.1493807
22.999962,94.91705,439.83713,349.22244,16.801136,21.535671,584.3964,4.931756
4.5264006,58.87536,100.08277,132.694,5.5195355,4.6204906,270.17944,6.231126
4.5093346,57.66647,98.789116,105.4768,3.8770657,4.076481,250.0,6.846028
9.036685,93.9138,355.11002,249.63982,13.334772,21.5945,573.97406,5.586057
19.739742,93.73108,431.50577,269.41595,9.251293,21.59356,561.87915,5.195787
4.5082173,60.298473,104.969025,153.46083,7.3517976,14.654729,342.05722,6.3624225
17.557554,93.112274,416.13727,299.21625,13.347819,21.591242,496.21802,5.251005
4.538282,64.90452,98.84173,134.76985,6.167679,4.076481,250.03645,6.576716
4.5247636,74.46958,225.55545,207.2166,6.7023473,21.59281,560.815,5.996472
23.0,94.91755,440.0,350.77008,17.127003,21.576244,619.8991,4.6103783
4.567014,67.94731,298.97684,163.61702,9.520123,21.594347,598.7869,5.826829
4.514472,59.45427,116.454254,128.6381,7.356034,20.671978,432.81876,6.393929
23.0,94.91754,439.99762,350.75668,17.098063,21.582624,600.6984,4.72621
23.0,94.91755,440.0,350.77045,17.128775,21.588272,622.1994,4.571715
16.344519,92.93431,431.778,267.06796,11.032752,21.593243,596.0056,5.721602
4.52662,61.45317,98.78958,113.31534,4.3734546,4.076481,250.0,6.7978935
23.0,94.91754,439.99854,350.76035,17.098146,21.578136,613.6546,4.711095
4.5170455,59.9952,98.789215,111.90548,4.015978,4.076481,250.0,6.645103
4.540275,56.025482,98.78943,149.46246,4.839282,4.076481,250.0,6.358773
8.725429,89.201935,391.42706,225.68983,9.2254715,21.593056,553.58105,5.398264
4.51543,57.243286,98.79382,114.2947,4.2353635,4.076481,250.00172,6.463397
4.5360527,70.79327,159.51291,152.11095,11.560172,21.53338,562.1077,5.499737
4.511165,63.19253,120.694954,154.28598,9.36325,19.472578,343.3004,6.424881
17.520811,93.55954,421.8665,274.21387,9.83051,21.589144,592.2325,5.549279
4.5068464,59.748398,124.45778,136.31725,4.914625,21.589418,571.1609,6.581353
23.0,94.91748,439.99445,350.52087,17.034328,21.584736,602.9615,4.699398
5.6075664,74.909004,425.6948,190.62158,7.8559184,21.594398,597.338,5.936538
4.5301366,57.05095,98.80106,123.4228,5.0414834,4.076481,250.00157,6.6675196
4.5270977,58.053894,98.78912,134.10541,4.2008047,4.076481,250.0,6.7220144
4.5295563,59.009815,100.326256,125.81427,5.611127,4.0823855,253.82402,6.3032312
22.317196,90.91017,439.3494,324.25446,13.382638,21.593342,605.60034,5.396138
4.5160155,61.490383,98.882355,124.88146,6.9961915,4.076868,251.71237,6.482525
22.99639,94.89703,439.79504,344.04507,16.068375,21.59369,607.7854,4.9127645
4.522308,61.439953,98.93809,148.59277,5.556871,4.0764823,250.17857,6.4957876
22.643236,94.74209,439.34506,324.49722,14.979691,21.593422,588.691,5.300091
4.559138,58.510387,98.79015,147.58766,4.801444,4.076481,250.00023,6.469876
22.999989,94.91634,439.9775,350.2164,16.740139,21.57322,593.5275,4.968179
22.999987,94.91714,439.7857,350.21927,16.910582,21.524101,602.3683,5.1820493
4.526395,57.629223,98.7892,114.51292,4.0209527,4.076481,250.0,6.553204
20.883266,93.3541,435.07117,234.59108,11.517093,21.592894,593.1622,5.3050785
4.527576,59.909878,98.79217,138.86833,5.20343,4.076481,250.00026,6.634583
4.5371366,59.935215,98.822205,130.38606,6.0448575,4.076481,250.01247,6.560459
22.433138,94.36962,409.32758,313.83215,11.126341,21.559967,599.1751,6.7219205
4.5115566,58.50768,98.80708,139.26756,4.97407,4.076481,250.02339,6.495174
5.311983,88.218185,389.23322,211.83339,12.504685,21.594158,607.7091,5.704666
4.510147,67.7503,185.24161,172.13162,11.900269,21.594263,555.6542,5.856839
22.948486,94.83334,438.94122,319.7299,15.136727,21.590916,583.50415,5.1973867
15.642084,91.456436,430.92963,208.46352,11.987672,21.593328,553.9623,5.5260687
22.997898,94.89032,438.27322,347.61768,16.544676,21.572578,592.5256,5.0589924
5.1386423,72.868286,360.25745,171.58073,9.485532,21.59486,578.9783,5.411744
5.4760575,87.93031,377.7124,211.93675,9.169281,21.593584,596.20056,5.628391
4.547453,58.765137,98.79543,118.39081,4.192116,4.076481,250.00073,6.629312
4.5742908,70.14102,315.12775,142.3841,6.965627,21.59293,555.9688,5.570373
4.5373564,61.134815,98.79468,124.28559,5.1121664,4.076481,250.00165,6.6607413
4.5337815,64.69173,232.17924,148.1567,11.580762,21.594946,600.452,5.4808803
4.5169644,61.18776,98.828674,127.29446,5.1657386,4.076481,250.0578,6.57789
4.5134745,60.08207,100.51451,143.35938,6.4180493,4.2482796,274.59552,6.367083
4.5490212,70.49008,308.89102,158.6317,9.578916,21.59489,584.0078,5.5086427
4.51196,60.139843,98.89094,141.6518,5.816291,4.0764823,250.18703,6.5208235
4.5081005,59.98564,113.93991,137.81557,5.0842834,10.757772,321.89722,6.306778
4.517799,57.714573,98.861855,120.395905,4.561463,4.076481,250.02765,6.684797
4.520051,57.443253,98.7896,142.29498,4.473861,4.076481,250.00003,6.438186
4.5155063,61.604122,99.02004,121.88617,5.975815,4.077654,251.57132,6.6936893
4.58766,78.546295,329.92197,174.96367,7.239066,21.592999,569.47516,6.032415
4.528229,58.706226,98.7996,130.9615,4.3251853,4.076481,250.00159,6.6093106
4.706768,80.712425,412.0267,155.9763,8.233711,21.594936,607.9111,5.4395123
9.2538395,92.238304,428.05548,287.41043,7.814233,21.594141,595.6316,5.2714815
17.910828,94.055115,381.1817,309.92648,12.731553,21.583395,523.65283,5.352928
4.505237,74.873764,196.183,219.45169,13.368183,21.593681,570.3487,5.5210633
22.155422,94.3457,402.6682,281.5474,14.3774395,21.588839,568.2192,5.8886843
4.5115967,58.240917,98.81338,123.36175,4.747868,4.076481,250.02792,6.3995814
22.99601,94.90219,439.9829,343.47754,15.340139,21.588177,607.38916,4.9679546
4.5151005,59.740917,98.79362,122.11054,4.9902864,4.076481,250.00066,6.668446
4.5222106,63.3512,99.13528,121.15636,6.6745944,4.076649,251.23671,6.5613675
12.867947,94.25186,424.01495,263.46594,11.33911,21.591873,570.8916,5.8539243
23.0,94.91754,439.99768,350.74222,17.096594,21.537123,614.89374,4.6323614
4.5062885,60.526176,98.97471,120.31168,5.1224794,4.0791345,252.02074,6.503689
4.50519,64.232056,124.41951,179.22485,7.3062897,20.918192,285.30914,6.121185
4.507768,60.838943,101.198906,136.04126,4.7114024,4.1700873,251.11188,6.4429884
22.984285,94.85622,438.10355,338.54272,15.312356,21.575266,567.4291,5.410667
4.5353427,62.101574,99.48474,163.28735,7.2394824,4.0765114,250.66733,6.3681045
23.0,94.91755,440.0,350.77045,17.126009,21.573593,624.4647,4.576227
22.999998,94.91736,439.99475,350.44144,16.505308,21.5862,603.20825,4.798988
4.9161763,69.35773,427.45648,203.9716,8.997519,21.594883,611.7635,5.776783
4.5096087,59.252438,98.92964,122.096756,5.8096027,4.0764995,250.35101,6.5504274
18.928429,94.717995,324.90204,330.4052,14.224464,21.592733,526.70123,5.2660594
22.997911,94.91138,439.42502,347.77734,15.471931,21.590055,583.917,4.883568
4.5164948,62.37397,99.35616,159.21425,7.0917144,4.076708,250.80101,6.4755096
6.8513155,91.393585,329.2256,231.09146,10.507689,21.594297,526.61127,6.0392494
22.620127,94.583206,434.85583,308.2537,14.101026,21.579247,590.42145,5.6067157
5.2636013,69.13488,333.79868,150.35197,6.946947,21.59393,595.19904,6.088038
22.897007,94.87146,433.89044,326.0783,13.057409,21.58882,582.0266,5.046413
22.964567,94.83947,439.71677,329.51447,15.1487055,21.586666,582.78955,5.1204953
4.507898,62.468246,114.883385,136.51471,8.01771,18.251862,370.17188,6.2720118
4.5230727,61.424362,100.06369,124.267,8.4454155,4.192669,260.4163,6.291222
4.51224,62.83183,101.15781,139.88402,6.124371,6.1870823,304.30685,6.540831
15.88761,93.46045,437.3211,262.60117,9.310186,21.59263,577.6361,5.741083
23.0,94.91745,439.99854,350.68427,16.77252,21.574896,592.3428,4.7104535
22.309381,94.27542,432.37332,306.33752,12.310777,21.588066,572.504,5.4214115
4.5467153,62.515038,98.80032,131.7186,6.467049,4.076481,250.00084,6.824617
23.0,94.91755,440.0,350.76987,17.126606,21.57674,617.04114,4.5862303
9.155835,91.03916,437.44626,253.62302,9.028963,21.593946,572.33545,5.0512047
4.512878,62.913242,98.849625,160.29483,5.764348,4.0764813,250.02707,6.766692
6.4820223,89.07125,432.06122,185.57558,6.4113345,21.594145,600.53503,5.659449
4.5316343,57.93241,98.78924,113.97054,3.9819999,4.076481,250.0,6.453404
22.043402,90.54172,433.82727,307.80182,8.685287,21.592117,604.61304,6.421472
4.5114226,60.709236,99.00966,130.16855,4.1359506,4.076542,250.39026,6.644661
23.0,94.91751,439.99133,350.60516,16.950197,21.588432,610.5828,4.7292104
4.5319066,60.868423,98.79228,124.78705,4.472853,4.076481,250.00012,6.5768023
4.5330367,58.985287,98.79039,120.98036,4.654799,4.076481,250.00003,6.6100845
4.5161185,60.055832,98.80368,140.605,5.193404,4.076481,250.00554,6.806665
23.0,94.91752,439.9995,350.73404,17.086811,21.583424,614.7556,4.6769867
8.086785,92.16738,282.35583,266.45438,14.161694,21.593245,576.6332,5.9584885
4.526317,57.066532,98.78912,108.78833,4.1381593,4.076481,250.0,6.683725
4.5384154,59.29793,98.79135,143.06361,4.4340997,4.076481,250.00131,6.5674176
4.5870075,68.452484,270.55576,152.78337,8.889199,21.591125,591.8526,5.404489
4.506564,59.35253,98.78927,139.49625,4.4892697,4.076481,250.0,6.732142
4.5217094,64.225395,98.8147,120.95969,6.6230125,4.076481,250.03049,6.5608263
22.999044,94.88774,439.19608,347.0144,16.560055,21.591063,576.9997,5.183235
22.689453,93.88888,439.17203,328.91602,14.610836,21.587654,598.3517,5.19392
23.0,94.91755,440.0,350.77036,17.127258,21.592388,621.9766,4.581686
22.1225,93.96762,421.62064,282.7149,12.513782,21.590559,545.67004,5.780762
4.50351,58.181473,98.795815,128.9749,6.0588274,4.076481,250.00398,6.4971404
4.546019,61.569214,98.7949,112.558846,4.7935243,4.076481,250.00159,6.6023173
4.5177727,57.7872,98.80072,131.26013,4.654807,4.076481,250.00346,6.4910374
4.5189266,56.48015,98.78918,109.267136,4.287223,4.076481,250.0,6.8464966
4.5091567,61.20914,101.68377,183.7247,6.9471354,4.1184855,252.3086,6.535973
4.5201144,61.20223,98.87161,138.02983,5.351603,4.0764823,250.15991,6.2460194
23.0,94.91755,440.0,350.77045,17.129824,21.579466,627.04645,4.567979
22.975317,94.722435,439.25827,337.65524,12.799363,21.59158,586.0532,5.1277313
4.5199795,59.11453,98.87663,148.3921,6.2826166,4.0764813,250.03557,6.677281
4.507271,65.01626,100.327576,159.06766,7.420463,4.16106,260.5051,6.472631
23.0,94.91755,439.99542,350.75067,17.109838,21.573437,588.08154,4.7895045
23.0,94.91755,439.99976,350.7651,17.117374,21.57941,614.16516,4.653222
4.5022187,60.22439,163.6863,112.74458,5.7661505,21.592855,576.73956,6.2031007
4.52302,60.622124,98.879326,131.74516,5.5790377,4.0764885,250.19344,6.542783
4.517151,59.69077,99.00881,124.69486,4.8805623,4.07673,250.81554,6.4463253
6.118914,90.24265,420.42795,185.47488,11.323152,21.594847,604.2153,5.6952915
4.5327315,64.09894,103.39338,117.2076,6.2688274,4.300542,268.8028,6.3961673
17.653463,94.36724,392.2054,269.10928,11.134665,21.592257,558.01654,5.488269
22.604317,94.67464,433.4671,304.6175,14.871029,21.592962,551.0578,5.5674744
4.5089045,59.36598,100.697655,124.452126,8.93332,6.021622,298.28906,6.1793137
21.926796,94.50588,438.77002,292.92807,14.101288,21.58651,603.8807,5.2535925
22.998428,94.87195,438.8771,347.11844,15.953715,21.579842,579.311,5.100797
22.965519,94.8348,439.17,329.0816,15.237942,21.59439,595.48785,5.402158
23.0,94.91753,439.99835,350.74673,17.007265,21.556868,590.5585,4.6534514
12.529369,92.94947,416.80417,259.38632,10.224305,21.593739,586.44885,5.441777
23.0,94.91753,439.9973,350.69626,17.05637,21.542744,599.2349,4.7066655
4.523478,59.199734,98.789154,105.44757,4.141769,4.076481,250.0,6.825186
23.0,94.91749,439.99677,350.5216,16.980125,21.587048,610.0906,4.773167
4.565611,81.89527,248.00311,183.79079,12.350184,21.594847,592.167,5.4494977
22.0626,92.1454,431.51935,293.02695,12.471398,21.59409,583.65955,5.1801414
22.96854,94.83029,439.2975,325.28433,13.589074,21.589779,594.7185,5.0984526
4.5134244,60.833706,98.795555,125.81873,4.62842,4.076481,250.0006,6.7298083
4.5147753,69.31128,173.60912,147.56775,10.259141,21.592659,551.4505,5.45204
4.7827635,87.05494,398.64975,202.93274,10.491685,21.594906,606.2267,5.5493183
4.515316,60.4707,101.9935,141.61493,6.5745583,5.172345,264.9858,6.715693
4.5404944,59.076942,290.69406,136.17584,7.0270486,21.57324,599.31134,6.0770473
4.5380564,60.561428,98.79563,127.89047,7.033881,4.076481,250.00168,6.7015224
21.373446,94.2601,437.68353,256.20123,11.9720335,21.593098,611.3902,5.6144676
4.514732,63.51314,98.825386,123.41348,4.6419935,4.076482,250.07193,6.657365
23.0,94.91755,440.0,350.77045,17.129774,21.583672,625.2935,4.568226
4.507196,61.674477,101.907455,124.12551,8.062945,5.6211824,287.15012,6.4811783
4.5967293,59.144695,99.27926,138.18869,4.8956766,4.0765076,250.14027,6.54648
4.5039353,63.885895,225.45708,145.71686,10.45445,21.594881,605.88696,5.645344
23.0,94.91755,440.0,350.77023,17.120008,21.577032,610.5566,4.581288
4.8821115,85.16156,419.16693,205.37791,7.562948,21.594913,599.0923,5.5696917
4.750576,80.88646,388.34802,165.68115,8.260651,21.594597,604.49335,5.850175
4.5056076,57.72904,98.79468,104.77994,4.2196846,4.076481,250.00206,6.790004
4.5283103,60.888847,99.23466,146.15125,5.808854,4.076484,250.22375,6.689826
23.0,94.91754,439.99585,350.73743,17.09605,21.575603,609.4402,4.7772803
4.5486617,59.019623,98.8049,130.84329,5.2581367,4.076481,250.00381,6.5417414
4.541834,63.9575,98.88576,147.65346,8.085796,4.0764813,250.19893,6.337679
4.5116305,62.424625,103.23903,160.97833,6.017713,4.111477,260.9281,6.5494695
4.5046577,60.517467,103.67019,132.6722,8.405284,19.648674,433.17825,6.515481
4.559183,74.605675,233.11809,202.13768,8.286726,21.594877,557.3284,5.32373
4.5207944,60.64585,99.32219,145.73958,5.9403605,4.078848,255.40398,6.4632335
4.604949,81.24019,201.22968,218.94746,11.770781,21.590672,576.7486,5.3914433
4.5101466,61.78676,98.88873,156.69838,6.4723005,4.0764856,250.10234,6.5842595
4.515985,60.046894,98.87576,115.59097,4.441338,4.076504,250.18188,6.67498
4.5163803,57.485817,98.80066,165.13783,4.664798,4.076481,250.0107,6.590493
4.534053,63.450226,98.80828,146.24521,7.1141,4.076481,250.00273,6.6227903
22.316227,94.6316,437.39127,310.0859,14.129038,21.587616,587.0683,5.4810543
4.601018,73.755844,337.68222,195.40503,10.687363,21.594954,575.4303,5.234204
4.523111,62.85562,98.96327,125.08306,5.864837,4.0764837,250.2095,6.641017
22.99202,94.8562,435.49045,333.8218,15.94164,21.557438,538.8078,5.122456
4.5115,58.886482,98.80171,153.2507,5.311412,4.076481,250.01195,6.6339226
4.535322,59.56086,98.86277,171.17119,6.302266,4.076481,250.00711,6.460757
23.0,94.91755,439.99994,350.7691,17.11825,21.580578,617.7276,4.6588945
22.99796,94.89937,439.1673,342.8838,15.382478,21.587446,575.6999,5.167812
4.5141134,58.967007,105.48414,149.27472,7.0570216,4.753446,255.45583,5.9001865
4.53358,58.928936,98.7938,103.64296,4.4195113,4.076481,250.00032,6.4777975
4.609621,76.23284,416.86572,205.7445,11.512212,21.594725,614.33093,5.362355
4.5322785,62.722614,99.53657,137.33643,7.0764556,4.078248,253.02972,6.609793
4.5195136,63.387688,99.19584,110.504585,7.25515,4.076669,251.3025,6.668887
4.5063906,65.684296,99.40304,106.41424,6.188491,8.887082,287.28253,6.62487
4.5150785,56.344845,98.789154,132.62556,4.21377,4.076481,250.0,6.7020125
4.5250044,60.533382,100.35143,136.62987,5.5706954,4.0937824,252.5682,6.504557
4.5583014,60.79079,102.76319,136.25955,7.703483,6.1232734,326.0691,6.3750553
4.508445,63.232555,106.464714,145.67464,10.571189,16.201141,316.94855,6.1057186
4.514986,60.253548,98.892105,119.72904,5.886572,4.076485,250.17746,6.5722303
4.5236297,60.700283,102.150734,115.44918,5.591505,4.374776,265.24997,6.356011
4.5153265,59.581757,98.807175,110.82744,4.63504,4.076481,250.00134,6.6027675
4.5131865,74.3954,246.68164,220.20259,12.116611,21.594324,593.763,5.372544
4.523286,60.68895,98.79068,135.4707,4.2378416,4.076481,250.00012,6.421759
4.533652,58.016117,98.98558,115.12522,5.52885,4.076509,250.19186,6.5014963
22.999912,94.91547,439.88995,350.13947,16.80781,21.574665,572.55634,4.7887244
4.600727,69.52294,396.50806,213.18086,8.762756,21.594046,539.5802,5.390194
4.5361056,61.331062,98.79574,120.65741,5.3864193,4.076481,250.00136,6.5621758
4.5177765,60.792744,99.1958,120.58913,5.060971,4.076747,251.96155,6.54632
4.5411315,61.31847,98.81508,124.33103,5.0948434,4.076481,250.01218,6.4311266
4.5208645,73.68776,232.13544,192.46085,7.2377815,21.594799,562.23584,5.512994
4.523744,60.95651,99.60705,156.64513,8.0144,4.077436,250.41281,6.4208436
4.52332,62.350803,99.457504,142.43272,5.853895,4.0776668,253.27452,6.5127273
4.518265,62.908173,98.801254,118.10079,6.387826,4.076481,250.00511,6.5150466
4.5323844,62.60015,98.88628,129.1024,7.165343,4.076481,250.03392,6.515911
4.5084386,59.965652,175.21411,131.94366,7.9638634,21.594255,589.6946,6.4552565
4.517421,56.156643,98.789185,106.973526,3.935686,4.076481,250.0,6.5465856
4.5213585,88.36687,149.13074,165.33717,13.531457,21.593645,523.3582,5.477459
22.999998,94.9172,439.968,350.4077,17.008736,21.56051,585.3444,4.837667
4.5063815,60.623856,98.80078,130.21216,4.1943293,4.076481,250.00084,6.3661637
23.0,94.91755,440.0,350.77042,17.129217,21.52948,619.89655,4.573316
23.0,94.91755,440.0,350.7703,17.122791,21.576061,624.64166,4.5788774
4.515459,81.85213,256.22928,204.06027,10.072789,21.594528,543.3623,5.305392
4.512465,58.017864,98.78917,115.69142,4.0719843,4.076481,250.0,6.618972
4.5110817,71.72067,207.44415,193.58955,9.127476,21.594807,550.16077,5.457146
4.5053687,60.234406,102.847046,121.038086,4.778422,21.491045,476.17508,6.4840474
4.5155234,57.30662,98.78939,111.29811,4.0958676,4.076481,250.0,6.479431
4.514837,58.146526,98.78914,118.58106,4.086313,4.076481,250.0,6.654088
4.525741,56.16467,98.789154,129.28162,4.0503836,4.076481,250.0,6.5288963
4.5083346,55.91465,98.78911,98.67693,3.8333106,4.076481,250.0,6.6578474
4.5675073,57.949585,98.79051,136.7845,4.0827837,4.076481,250.00003,6.691154
4.6490884,84.63974,427.73633,174.89516,7.4702272,21.594759,586.8134,5.2074356
4.541707,59.05849,98.789444,122.3249,4.624785,4.076481,250.0,6.7036753
4.521119,60.0164,98.791824,129.79417,4.9305973,4.076481,250.00026,6.57513
4.562506,61.08915,98.79586,127.62165,4.737314,4.076481,250.00313,6.719938
14.648406,92.053375,419.2306,205.43155,8.126882,21.593704,597.872,5.4711523
23.0,94.91755,440.0,350.77045,17.127716,21.583675,625.2264,4.598112
4.515108,58.92808,121.25101,131.37288,6.0503836,18.925686,391.60815,6.361107
22.999992,94.916985,439.94684,350.43335,16.070557,21.580458,601.92114,4.892433
4.671466,86.18333,330.898,207.22726,13.31031,21.594925,601.9476,5.375768
4.5089245,70.04729,211.56062,182.54123,8.072506,21.59467,584.33093,5.9111476
4.5464487,79.25179,225.95241,150.93515,9.275657,21.594627,577.60144,6.031972
4.5022144,60.879284,108.03241,124.75763,8.489918,16.461208,302.82184,6.3159394
4.546502,63.56508,98.8701,129.07082,5.729174,4.076481,250.02881,6.6648088
4.5185947,63.303684,98.79771,130.23518,6.1495748,4.076481,250.00545,6.325615
4.5071964,63.681526,217.01353,155.77472,8.594061,21.594627,568.64526,5.928542
4.516076,61.643745,103.21095,134.63419,8.026898,10.248579,285.02432,6.174302
4.5182376,63.9233,110.91942,134.13815,7.602387,19.275757,378.86813,6.176789
22.999958,94.91616,439.87326,347.6501,16.162575,21.586771,571.35065,4.9180007
4.5220656,60.847443,98.79473,114.08618,5.722572,4.076481,250.00108,6.700664
4.514193,58.715775,98.791885,126.06632,4.2589874,4.076481,250.0,6.8039565
4.5034976,61.860188,115.42368,159.9852,7.419455,21.58892,568.00964,6.4815674
4.616527,78.66398,328.78104,163.16962,6.633742,21.5943,590.7978,5.2621627
4.509857,59.03023,98.79926,119.9261,5.3684196,4.076481,250.00075,6.6480355
23.0,94.91755,439.99902,350.76517,17.100187,21.560575,610.63324,4.6684995
22.317785,94.17378,438.1522,302.4587,13.006075,21.59074,583.4672,5.561874
22.994009,94.86766,439.5417,336.22144,11.897945,21.584206,604.0668,5.3787055
22.998484,94.9119,438.74673,340.56656,15.474184,21.589272,566.23334,5.481654
22.995966,94.90407,438.82147,347.9686,15.873301,21.583584,587.26605,5.1415443
6.922185,89.35431,385.72018,218.05461,10.770456,21.59468,599.2285,5.503656
22.999971,94.91702,439.26587,350.41876,16.900822,21.569635,526.88715,4.798692
4.6448126,65.69185,288.2,137.09674,5.869523,21.586956,546.504,5.7689238
4.5146017,65.1364,345.53415,143.97154,5.555306,21.594831,603.6869,5.6929865
4.506228,56.786476,98.789116,112.17146,3.9143772,4.076481,250.0,6.768404
4.534125,56.517574,98.78937,119.8037,3.9225588,4.076481,250.0,6.5177717
22.300646,94.812035,423.81735,335.46472,13.752737,21.580313,537.4791,5.477336
22.999994,94.91695,439.40555,350.2165,16.621735,21.588774,576.5667,5.414421
23.0,94.91745,439.99908,350.57455,16.947618,21.587784,610.6167,4.6555643
22.907413,94.85153,422.98364,342.3863,15.407145,21.592089,567.4143,5.57394
6.5385356,80.955666,418.34814,206.04514,12.127505,21.594858,614.43176,5.5861425
22.990585,94.84956,439.6528,345.25577,12.615752,21.582647,579.2285,4.8837094
4.52339,61.09542,98.81048,126.38855,5.1536274,4.076481,250.02351,6.605466
23.0,94.91754,439.99878,350.6962,17.016394,21.586954,609.823,4.6947346
22.976635,94.85572,439.53735,338.95587,15.470534,21.570784,565.9152,5.123485
4.510803,58.18626,98.791306,130.40886,4.1934886,4.076481,250.0,6.6995964
22.355436,94.28,430.34656,271.14343,10.794189,21.59228,520.64026,5.7188897
4.5417857,63.557602,99.76945,168.17567,8.00588,4.0776353,254.19724,6.2921724
22.690617,94.46269,435.02667,310.591,14.713825,21.586355,592.7807,5.8592806
5.0784736,79.33013,410.48254,246.77344,10.822849,21.594725,572.9795,5.2670145
4.5047593,65.73875,170.63396,126.90058,9.004794,21.594656,572.15546,6.0110407
22.951645,94.81306,439.76904,298.30283,14.480786,21.59194,597.5677,5.2591515
4.514212,59.580048,98.79581,132.55766,5.1662526,4.076481,250.00504,6.411935
22.604223,94.841705,431.0821,313.32275,15.446898,21.584959,571.0621,6.006109
4.527502,59.904854,98.80009,115.77095,4.61368,4.076481,250.00153,6.579071
4.6225896,77.22032,372.05258,192.8171,10.504534,21.594305,552.6297,5.175187
16.706526,91.85238,319.3526,241.09456,14.352758,21.594244,550.55597,5.438589
4.519713,58.03741,98.7892,112.347275,4.093397,4.076481,250.0,6.6798897
22.999998,94.91747,439.9332,350.3525,16.975924,21.569042,575.3675,4.8755236
4.518078,59.596954,98.825035,126.14608,6.27668,4.076481,250.06224,6.8832536
4.5175157,60.06169,98.79792,136.23627,5.113544,4.076481,250.00082,6.711675
22.999449,94.892815,439.74472,347.11484,16.399601,21.559284,567.54517,5.2751193
7.9287167,89.993866,423.35785,191.36751,8.829846,21.593597,579.0071,5.914051
4.539375,57.34015,98.78929,110.93523,4.414318,4.076481,250.0,6.555992
9.372931,85.70887,420.9279,252.73367,11.291831,21.59032,577.42267,5.546059
4.521292,59.239883,103.565285,144.06693,5.5542803,4.96967,284.4503,6.456164
5.7909946,86.35249,392.30905,180.19897,7.4460783,21.594044,591.7733,5.804282
22.999933,94.91588,439.89285,350.07742,16.675076,21.585478,567.4946,5.355126
23.0,94.91753,439.99243,350.71198,17.06935,21.577906,607.57074,4.7747755
4.5110226,63.395485,98.94171,168.58667,5.8073454,4.0764813,250.11624,6.4964895
4.5185843,59.59944,98.79791,122.51807,4.421839,4.076481,250.00168,6.7970123
5.6987977,73.208145,387.1911,207.32828,7.0455766,21.594425,603.54205,6.467989
4.5044875,58.960064,110.18762,163.20291,7.467988,19.919199,373.01883,6.2989583
4.5136266,60.053894,99.31184,124.67022,5.8137503,4.076543,250.91826,6.451162
22.855856,94.79426,427.64197,326.5427,13.5250435,21.593573,574.3207,5.3720145
4.513846,57.096256,98.78911,99.35249,3.8828568,4.076481,250.0,6.5458317
4.532172,58.287735,98.78973,126.450035,5.09097,4.076481,250.00003,6.7813706
4.518596,61.841854,98.81865,131.62466,6.031999,4.076481,250.05455,6.613912
17.157452,93.55553,426.58548,241.07661,11.102239,21.59314,600.50604,5.5918617
4.5126686,67.53175,247.92789,144.67534,8.415603,21.594656,582.5416,5.498082
4.5120344,56.359695,98.78911,123.35861,3.815882,4.076481,250.0,6.7913594
21.575811,93.75192,431.01758,284.11493,10.786891,21.5934,593.5115,5.4257445
4.532148,58.721767,98.791435,110.96338,4.3365254,4.076481,250.00093,6.578371
20.447865,93.15297,428.70438,266.7325,11.36801,21.589811,594.2545,5.960085
23.0,94.91755,440.0,350.77045,17.12918,21.578953,624.1781,4.5736165
11.677392,90.221756,411.85007,255.20627,10.180407,21.594297,594.3877,5.7246003
4.5140996,56.057903,98.789116,112.5598,3.9191725,4.076481,250.0,6.8273144
4.5100102,61.520256,100.17124,141.35345,8.103065,4.2647653,275.90686,6.448831
4.5118017,59.456543,98.9469,133.85736,6.0904036,4.076483,250.13489,6.7717576
4.5089064,62.228558,103.55116,154.18092,6.2169185,21.347143,471.48346,6.3909583
4.55334,73.19791,392.85886,130.76491,8.257916,21.594738,591.2109,5.4474473
4.5220227,58.585556,99.4813,117.56979,5.412388,4.076494,250.15224,6.728954
22.915882,94.84005,437.07742,344.25305,15.217914,21.581657,567.2731,5.0694814
4.544585,59.84084,98.78981,137.66248,4.2242455,4.076481,250.0,6.51526
4.755859,81.13294,185.43228,186.56293,12.583209,21.58908,522.77954,5.6420894
4.5231433,59.94139,98.792984,120.96196,4.5476213,4.076481,250.00093,6.622942
4.507591,60.286335,102.668434,163.85352,4.8493457,6.0049744,267.601,6.477703
23.0,94.91753,439.99548,350.73007,17.074,21.57646,618.2232,4.7108994
4.513358,61.620644,100.28358,147.1326,6.1653376,4.1649327,259.3812,6.480298
23.0,94.91754,439.9998,350.7611,17.112993,21.580427,615.93146,4.6820087
22.988121,94.88292,433.1988,324.98358,14.276501,21.591068,561.68976,5.8592796
22.992569,94.89935,439.72888,341.21313,16.34505,21.590033,598.38385,4.879043
4.580738,59.521763,98.842354,109.50521,5.953373,4.0764813,250.02242,6.5153017
4.5234995,60.7995,98.79146,113.04106,4.6155076,4.076481,250.00008,6.704224
4.5418324,58.79262,98.98256,130.76404,6.3474317,4.076485,250.20854,6.5102887
4.5249324,57.063164,98.78997,125.33036,4.403229,4.076481,250.00003,6.637049
4.5210032,62.34966,98.799644,135.46205,6.004503,4.076481,250.00243,6.66261
4.5243354,58.10402,98.81411,129.32303,4.716503,4.0764813,250.03085,6.7288
4.526445,58.314415,98.78936,131.64667,4.052005,4.076481,250.0,6.6482396
22.790691,94.245575,438.62354,321.5394,14.832025,21.581533,596.7717,5.265648
4.508501,55.519833,98.78911,113.97919,3.901085,4.076481,250.0,6.474985
4.6051745,82.39981,333.17554,141.19542,9.630188,21.594883,548.4061,5.331583
4.532418,63.231197,98.79293,123.85059,4.881055,4.076481,250.00012,6.627013
23.0,94.91755,440.0,350.76996,17.123398,21.573069,615.86487,4.5923176
4.557605,71.252174,401.55505,144.57791,7.950088,21.594887,582.9051,5.5738235
22.999985,94.91724,438.02438,349.47916,16.93588,21.54896,598.2328,5.258902
4.51286,61.664898,100.02919,166.27863,8.156349,4.093432,253.68411,6.3274693
4.5117865,70.300896,230.21709,182.26154,9.540088,21.594542,585.4728,5.491725
4.5175295,60.192616,98.79033,114.18626,4.1427336,4.076481,250.00012,6.6686907
4.5130825,58.89652,98.792465,132.73611,4.5118957,4.076481,250.00009,6.589934
22.99994,94.915474,439.54834,349.4118,16.720053,21.562357,547.03595,5.387563
4.531131,58.54485,98.79141,129.09196,4.778264,4.076481,250.00023,6.4465523
4.533893,63.258774,99.123985,139.16475,6.3130755,4.076842,250.32132,6.676272
4.5164733,64.48553,103.77373,143.6581,5.648219,4.5327725,274.05945,6.451852
4.5146227,59.992115,100.36264,146.65025,4.601665,18.033693,342.0238,6.578046
22.930916,94.874084,439.88834,343.934,15.814228,21.5918,612.5906,5.147251
22.99998,94.9171,439.98953,350.09955,16.93996,21.58834,612.01215,4.7960396
4.561405,56.988083,98.78952,111.10463,4.711965,4.076481,250.00003,6.761647
22.988483,94.84954,439.30167,341.7733,15.751872,21.576405,534.9605,5.246911
22.999422,94.91254,439.91055,345.18884,16.147541,21.552437,576.1198,5.19179
4.511423,63.833805,101.19806,171.09727,6.8544564,4.1890574,259.2195,6.482227
4.507479,62.805817,98.80027,119.3067,5.208136,4.076481,250.0016,6.715528
21.565279,93.58062,434.27988,296.86307,12.759441,21.594015,592.97205,5.844176
4.5903006,63.47977,98.84294,112.82702,5.020734,4.076481,250.03452,6.3634353
16.36277,93.237366,366.5127,287.8558,15.175408,21.588036,560.8219,5.7794175
20.77637,94.563515,428.3361,299.5223,11.4755335,21.592585,572.48596,5.3411565
4.5294485,60.231354,98.79627,123.37383,4.525813,4.076481,250.00005,6.7355275
4.5050955,71.98281,146.89139,173.85272,10.594678,21.59288,513.53894,5.5054665
4.8549333,89.521065,316.71518,190.63191,7.9741764,21.594229,572.3975,5.700791
8.9367695,92.89903,322.42615,260.56293,11.01693,21.587137,463.49905,5.224547
4.5207224,60.991333,98.81332,116.81613,5.3588505,4.076481,250.01062,6.6961393
4.610026,74.35396,235.95879,176.80174,8.451127,21.594818,589.9951,5.5064936
22.98594,94.86467,437.62222,325.41254,14.724415,21.57995,563.28625,6.0129447
4.5312223,59.41126,98.790726,128.23756,4.511633,4.076481,250.00003,6.537114
4.5513806,55.828846,98.78911,104.69037,4.022849,4.076481,250.0,6.677734
4.514686,59.59388,105.76183,153.89214,5.992058,7.269609,304.04852,6.36852
4.528834,58.87024,98.87346,110.61748,5.5265493,4.0764813,250.09352,6.4296913
4.525971,58.93483,98.78931,120.98675,4.297505,4.076481,250.0,6.7543654
23.0,94.91755,439.9999,350.7692,17.10432,21.590126,618.65967,4.6215234
4.5896635,57.849094,98.800575,121.56014,4.1723003,4.076481,250.00641,6.678836
6.4636445,91.54515,218.70247,211.9947,9.700917,21.593594,563.20056,5.5597205
4.5675006,72.012726,313.7193,153.10634,9.776597,21.594696,596.9135,5.4398255
4.516172,60.979904,98.85583,122.49462,5.2608147,4.0764813,250.07614,6.773316
4.5217505,59.874676,98.81098,121.19609,5.414317,4.076481,250.01205,6.6150107
5.267761,81.608795,401.2233,140.94333,7.8284016,21.59265,581.4372,5.8429556
4.852432,71.78138,428.34604,156.42114,8.08085,21.594997,605.30927,5.621089
4.513408,62.21947,99.13339,138.42552,5.7727575,4.076741,251.40526,6.1417427
4.510505,59.018604,98.78929,115.4947,4.122016,4.076481,250.0,6.5518293
4.516298,57.01446,99.40334,110.78534,5.845056,4.13317,254.25722,6.569852
10.993189,89.77796,425.5691,224.11203,12.691825,21.592825,593.9627,5.4226947
4.608548,84.257484,336.90576,177.62936,10.709981,21.594744,607.1945,5.2217755
22.999987,94.9171,439.99768,349.70648,16.654118,21.591093,611.13153,5.086166
13.911657,92.398705,388.81775,258.62866,11.898214,21.59216,535.0462,5.3625565
4.5140634,61.217003,99.71688,149.78365,7.8060412,4.0868096,252.6803,6.3878765
4.5168953,59.002808,98.78936,114.9053,4.0515842,4.076481,250.0,6.721814
4.520211,83.5388,145.7017,200.04982,9.790886,21.594624,510.92688,6.37843
23.0,94.91752,439.99976,350.7137,17.046574,21.584904,616.1379,4.7107887
4.512276,62.400238,101.864296,131.6776,5.512794,11.212241,323.32834,6.409399
4.508696,77.87408,129.2231,174.0161,13.469229,21.14327,370.68942,5.527629
4.5247693,73.33496,166.05191,159.42322,10.094347,21.592344,561.92163,5.6633697
22.999964,94.909134,439.9519,350.021,16.625832,21.588942,595.5082,4.9657145
19.615036,93.107956,433.21045,296.10446,12.07629,21.588194,570.6171,5.1583757
4.5100603,56.335667,98.789116,137.49939,4.2063694,4.076481,250.0,6.5684705
8.706478,87.117386,347.93335,234.64778,10.159397,21.588066,530.1791,5.6417766
22.996754,94.913536,439.55505,344.94168,16.458485,21.566353,578.24023,5.217249
4.525353,61.05122,98.797325,112.30442,5.352668,4.076481,250.00589,6.6914935
4.510096,58.59116,118.44172,119.19144,7.1496286,21.574074,592.98834,6.358655
6.0312757,84.60216,327.1519,233.0009,11.475892,21.594286,568.5428,5.4182734
4.514032,78.75801,225.21529,196.38765,13.203339,21.592287,544.4953,5.3680973
4.5627203,58.43713,108.28878,141.1281,6.28232,5.5750384,287.17618,6.3786154
23.0,94.91754,439.9565,350.60056,17.076735,21.568531,612.2158,4.780876
4.520192,64.28437,103.158936,149.78123,7.581313,5.248037,261.7736,6.4206843
22.986727,94.911835,439.79922,342.49286,14.791582,21.581371,557.2957,5.1168704
22.999392,94.91292,439.78204,349.01837,16.84221,21.572601,580.4459,4.8530807
4.5111914,62.077274,99.880005,140.29973,7.9442735,4.0999637,255.0623,6.587776
4.5156145,61.245213,296.42413,140.8982,9.942863,21.594551,605.4208,5.884123
23.0,94.91755,440.0,350.77045,17.129356,21.571898,624.2363,4.5754004
4.5111804,62.631927,103.513664,114.58588,5.2528124,14.593284,364.06525,6.1598983
4.5077066,59.07917,100.13693,121.1011,4.7753167,4.0806084,252.55128,6.6912045
4.510898,73.36995,155.76498,180.77815,7.927796,21.590351,508.02692,6.2890525
4.519504,64.54882,106.93055,154.7772,5.7836075,4.2154775,252.34644,6.4358325
5.5360456,90.0456,429.74695,239.86256,10.304143,21.594345,554.5417,5.3117995
4.5058017,62.291744,98.808586,132.1527,5.363477,4.076481,250.00197,6.8051453
4.521537,67.770996,98.82155,157.65897,6.4453616,4.076481,250.00488,6.6944013
11.463642,87.98436,414.47107,259.04446,6.995641,21.584753,607.6424,6.312606
4.7368226,64.884705,388.6889,157.00183,6.7247853,21.594912,596.2236,5.462762
4.5079136,57.02485,98.789116,109.74748,3.916183,4.076481,250.0,6.471702
4.5088058,56.766293,98.78911,100.298004,3.9128945,4.076481,250.0,6.780183
7.268144,85.66061,405.71347,273.2301,9.606245,21.59214,581.6876,5.239444
4.58055,84.46643,401.69415,201.93655,9.619753,21.594933,589.713,5.0246997
4.5018215,65.44443,134.76227,159.54248,8.943793,21.594484,524.45184,5.7697434
6.814769,92.26084,377.88873,267.75198,10.938419,21.59298,541.25415,5.7440395
4.5156035,76.900215,110.11027,204.812,12.501161,12.092255,269.80157,5.5850716
4.513942,57.223984,98.84729,160.05254,6.8926425,4.0764813,250.03876,6.400153
4.559506,57.863964,98.791245,117.38016,5.043549,4.076481,250.00014,6.6802464
4.5137024,58.83191,98.79196,109.52758,4.1850977,4.076481,250.00018,6.6266274
4.5201097,59.82086,98.78942,127.81801,4.589158,4.076481,250.0,6.804102
4.512661,59.368515,99.03622,125.313545,5.179313,4.076493,250.46622,6.601701
4.529707,59.21125,98.936134,138.9563,4.7000513,4.0764813,250.12584,6.692854
4.516292,57.617477,99.10959,139.35286,7.5154176,4.091833,254.61371,6.5373545
4.5270286,62.291317,98.90716,127.331795,6.5522723,4.0764823,250.10515,6.6807694
4.5308175,57.6964,98.79037,135.77345,4.3892,4.076481,250.00012,6.594224
5.188632,88.62692,259.6372,237.64284,11.286807,21.591955,536.11993,5.2372403
4.516805,70.30691,247.82318,180.83203,11.798246,21.59358,563.7732,5.3819103
4.505794,75.46713,124.64562,157.85033,13.515234,21.331154,374.63654,5.619444
23.0,94.91755,439.9998,350.767,17.110313,21.582067,616.5895,4.5965595
4.553067,62.057076,98.813484,128.46437,4.44163,4.076481,250.00655,6.483463
4.504871,59.65659,108.717125,138.48271,6.8655915,7.1513224,294.57135,6.3317456
23.0,94.91755,439.9998,350.7652,17.108587,21.586592,615.3978,4.634532
22.399956,94.05465,438.90604,259.42532,12.6588,21.592075,599.2938,5.357053
4.5425534,59.277477,98.919174,124.897285,6.054216,4.076483,250.12701,6.533938
22.968456,94.55465,439.79874,334.8894,13.934474,21.589561,606.25696,5.227695
23.0,94.917465,439.98782,350.67584,16.894667,21.569416,609.9299,4.664383
4.507312,60.78883,101.939964,129.35568,5.7695727,16.91857,333.29004,6.4248886
4.525101,56.68486,98.78914,114.23961,4.0967083,4.076481,250.0,6.6113205
4.5156617,63.518932,99.24441,147.18663,4.9818845,4.08539,251.67805,6.425492
23.0,94.91744,439.96835,350.50024,16.663599,21.576723,583.483,4.9989815
4.503537,58.680187,98.789215,134.35815,3.9089465,4.076481,250.0,6.4011216
21.377077,94.002945,423.80228,297.7326,13.084957,21.578926,553.71674,5.4552608
4.518706,63.946712,102.92978,160.30832,6.113429,5.396775,273.72375,6.3620973
4.5084715,63.194798,99.817505,172.11633,8.502374,4.0976796,252.49869,6.577394
23.0,94.91755,440.0,350.77045,17.129425,21.576704,620.65314,4.571395
4.788507,69.987076,402.35233,172.38864,8.692124,21.594877,603.78796,5.7324095
4.5915728,61.084373,98.92109,111.01665,6.412119,4.076481,250.07626,6.5013123
4.5456104,60.769207,98.90316,141.3386,5.552665,4.0764832,250.12556,6.51196
4.518595,62.081726,99.094765,137.66196,6.0345592,4.0792046,254.19157,6.581606
22.867195,93.9934,438.4539,328.8043,10.380716,21.588535,608.46436,5.8205776
4.525149,62.204037,128.00563,137.98553,5.572356,11.896994,308.29507,6.060132
4.518938,62.131153,98.80482,132.61018,5.0267153,4.076481,250.00294,6.4541163
4.5126786,64.817024,98.789635,102.942505,5.7315645,4.076481,250.0,6.389592
4.5170026,60.102127,99.10815,140.85052,5.3191805,4.07658,251.1248,6.5984025
18.923986,90.04149,436.14905,295.45166,11.063786,21.594332,596.49066,5.578355
22.882887,94.85996,436.69992,323.24777,14.014649,21.591246,610.3835,5.6588616
4.5151763,58.508053,101.09146,144.4553,6.370651,6.9569283,311.42673,6.207539
4.515685,59.977055,98.791595,105.883354,4.5939107,4.076481,250.0003,6.6396112
22.75563,94.563675,438.34048,323.88394,14.813844,21.574846,598.2226,5.612336
22.999634,94.912094,439.89322,349.85574,16.724092,21.584877,591.23566,5.014765
4.5718536,61.76676,98.78992,113.81235,4.7585025,4.076481,250.00003,6.684794
23.0,94.91755,440.0,350.77042,17.12816,21.566032,624.9825,4.5823946
4.5290356,59.202076,98.816055,127.762344,5.2751164,4.076481,250.01074,6.7614007
23.0,94.91755,439.99988,350.76984,17.11949,21.579168,618.5223,4.676025
4.5595946,72.26559,315.37064,161.6131,12.298225,21.594692,577.9543,5.587934
22.94256,94.84422,437.17154,342.43094,14.86759,21.58608,594.1102,5.2249913
4.5332956,64.23025,98.79007,126.53571,4.7961273,4.076481,250.0003,6.726922
4.5286756,61.040268,98.79049,109.462425,4.457563,4.076481,250.00023,6.7679634
4.5266895,58.13103,98.78933,116.95785,4.151896,4.076481,250.0,6.7643943
22.999598,94.90805,439.57538,347.07214,16.534834,21.588507,598.9882,5.8899446
4.519476,62.552597,99.121376,145.74599,7.5027485,4.0765777,250.71889,6.4084396
4.503042,62.06127,137.0153,107.26561,6.1271853,21.586136,546.3882,6.4543552
4.531754,59.83323,98.84002,136.05377,5.8677626,4.076481,250.03165,6.4491034
4.5315213,62.083736,98.790436,133.59639,4.8591466,4.076481,250.00008,6.490562
22.998535,94.902374,439.26923,348.66437,16.83815,21.575926,599.1619,4.947647
22.998537,94.907616,439.63168,342.74103,15.892997,21.577734,591.46704,5.3042984
4.50656,59.181423,98.789246,112.11646,4.095241,4.076481,250.0,6.73712
4.5149674,61.505222,98.79389,113.44305,5.7056017,4.076481,250.00235,6.6907535
22.999998,94.91718,439.82935,350.65216,17.045874,21.578056,589.52606,5.228172
4.536145,60.368355,98.88919,120.25683,5.8064413,4.0764813,250.05992,6.539242
4.512907,58.626186,100.311714,112.85193,5.2179985,4.1791983,278.09427,6.709036
4.5205984,56.381115,98.80115,130.85732,5.4548087,4.076481,250.0353,6.6263494
15.901371,89.28529,433.9533,231.80527,9.101933,21.590662,591.87585,5.78663
21.272373,94.55834,431.3144,310.55438,14.842758,21.593933,572.006,5.5644803
4.5175915,58.66256,99.24535,131.81198,5.0502744,4.0781903,251.60202,6.5956373
4.5176353,65.3594,296.01132,149.62216,7.955374,21.594416,578.6123,5.792656
5.387036,85.46428,262.57275,183.34737,11.604676,21.594614,549.79126,5.977695
22.73431,94.76513,438.1867,311.29962,13.818641,21.581966,597.6745,5.409356
4.521657,56.796307,98.78934,103.492355,4.1136107,4.076481,250.0,6.7057014
4.536078,55.95178,98.789116,115.90918,3.87391,4.076481,250.0,6.6548543
4.5266433,59.864986,98.79147,143.09813,4.9427404,4.076481,250.0008,6.2707233
23.0,94.91753,439.99835,350.72415,17.062029,21.585857,597.1673,4.8173594
4.5094776,59.608696,113.99212,143.5592,6.2792344,15.734522,346.91153,6.37214
23.0,94.91753,439.97183,350.697,17.062107,21.457804,599.6263,4.687831
4.5207496,71.433426,339.5326,156.87466,6.624769,21.59496,586.5632,5.411102
4.5200515,59.946064,98.80482,152.7787,5.397078,4.076481,250.00371,6.573494
4.512327,58.149773,102.663506,142.59346,6.8014207,10.182425,376.10394,6.304062
4.5212,61.22127,99.17829,158.71141,5.4260817,4.076501,250.47949,6.6038117
22.945276,94.77263,435.74985,325.02567,14.808248,21.56848,566.27716,5.4379835
4.5184374,59.642536,98.79274,125.08365,4.421317,4.076481,250.00041,6.6679587
17.35159,93.73644,314.00217,295.55176,14.758884,21.5872,559.5792,5.216132
23.0,94.91755,440.0,350.7702,17.127447,21.587936,626.09375,4.5897446
4.524221,61.48136,98.79969,125.050415,4.960065,4.076481,250.00046,6.6706495
22.999306,94.91328,438.55548,349.855,16.052914,21.578465,585.14996,4.9390655
4.5456724,59.627407,98.84203,144.1512,4.966389,4.0764813,250.05588,6.5419307
23.0,94.91755,440.0,350.77026,17.12455,21.587215,622.4552,4.589623
4.707046,74.120926,353.28885,177.01448,10.443824,21.594822,596.8365,5.468205
23.0,94.91755,439.99994,350.76462,17.096107,21.58457,601.87036,4.6141253
22.998716,94.90157,439.29834,347.38675,16.562796,21.589928,580.9073,5.06894
19.530771,94.42991,428.25815,306.33542,10.825212,21.579327,605.2033,5.73343
4.5064325,72.93358,257.3987,172.4301,9.584153,21.594938,575.3423,5.3328085
4.503903,69.53445,158.60013,165.12978,11.260637,21.594744,576.26514,5.421744
4.532683,60.736732,98.818756,120.6331,4.617684,4.076481,250.00172,6.7797813
22.999956,94.91726,439.96506,349.32083,16.595568,21.57416,584.64026,5.028187
4.528849,57.92235,98.79388,130.05873,4.5291576,4.076481,250.00014,6.652624
4.528665,57.91751,98.79027,137.72935,4.405255,4.076481,250.0,6.7092
4.5301194,80.10273,198.865,219.02307,13.198746,21.590069,460.07178,5.437672
22.996796,94.882866,439.9002,338.8707,11.871213,21.59172,578.0873,5.2219744
22.99963,94.91535,439.96445,349.24774,16.799131,21.583912,602.74274,4.8306828
4.514002,60.381645,98.79219,121.662315,4.3250666,4.076481,250.00003,6.606084
23.0,94.917465,439.98557,350.46548,16.880798,21.580624,607.8859,4.9045653
9.157754,85.93737,335.28107,227.63483,9.34463,21.59466,548.5091,5.9070415
4.5714397,63.214043,98.811485,126.60073,5.294727,4.076481,250.01247,6.7168756
4.510003,64.074425,120.67486,137.90768,8.726366,20.860483,447.40024,6.2712636
23.0,94.91755,440.0,350.76862,17.109253,21.562168,617.4156,4.6003537
22.999289,94.911835,439.51572,346.96902,16.504421,21.579205,609.5722,5.0125265
4.8688617,76.82938,338.35535,206.3352,9.310993,21.593159,570.9944,6.4473224
22.986776,94.80134,438.29675,345.0675,16.08699,21.585873,563.85345,4.9180107
4.527292,57.12521,98.792534,112.42753,5.404582,4.076481,250.00023,6.627705
4.5113225,58.760216,98.9075,124.93743,5.1165037,4.0764813,250.04356,6.6978846
22.949623,94.788994,438.76834,321.02368,12.805581,21.583368,585.6029,5.7081313
4.672484,77.1494,280.76898,186.1352,10.55347,21.592237,552.73944,5.8739867
4.5896335,91.27688,241.82979,235.34422,10.762063,21.594872,545.74634,5.8228846
4.5168614,57.111588,98.789116,107.63203,3.9719708,4.076481,250.0,6.5780063
22.858366,94.76657,435.40778,309.21252,14.526672,21.57995,470.13425,5.5334654
4.5260506,58.605274,98.78918,107.53793,4.048594,4.076481,250.0,6.8341813
4.510486,61.79045,110.859695,127.99918,8.797948,20.916645,437.01657,6.4304504
23.0,94.91755,440.0,350.7702,17.123545,21.587938,623.6714,4.6760507
4.508827,63.948704,99.0989,126.28704,7.1680713,4.0767665,251.64998,6.5532436
4.522109,63.28813,98.97033,109.203316,6.1784253,4.076481,250.03651,6.7138863
4.5533886,58.189133,98.800354,114.538506,4.5520205,4.076481,250.00346,6.5850024
4.511473,57.21299,98.790405,116.43082,4.1569805,4.076481,250.00023,6.4810185
4.5371447,64.628044,98.85388,127.48543,7.4288216,4.076481,250.00833,6.447429
4.5197926,62.082447,98.7955,142.60637,5.842958,4.076481,250.00069,6.693787
4.5277843,61.706028,98.84637,113.69372,5.737148,4.076481,250.02829,6.7431345
22.99934,94.91416,439.15866,345.99536,16.729015,21.589571,591.5852,5.8604064
22.99893,94.908226,439.57367,348.92435,15.143592,21.585392,573.59576,5.34891
12.021904,90.22947,389.51746,270.19992,14.541803,21.594208,567.5684,5.4300346
4.5283294,60.955017,98.83645,138.28928,6.0256777,4.076481,250.01166,6.6142864
4.8727865,85.90991,351.28058,174.29141,10.201247,21.594633,572.6109,5.271352
22.771114,94.80924,386.11707,332.33075,14.835449,21.588028,533.0661,5.947951
4.5114346,62.895336,98.792145,107.1382,4.5450234,4.076481,250.00009,6.728929
4.5107427,58.02958,98.78973,107.4409,4.021949,4.076481,250.0,6.8066087
5.9495773,90.89241,392.45175,169.8679,12.816374,21.59485,606.78033,5.4589596
4.5381813,59.355827,99.03819,137.62312,6.0134306,4.076482,250.13126,6.56704
21.496555,94.43488,370.92612,272.42203,14.386353,21.585546,525.4499,5.9969993
4.510314,72.21524,106.497734,136.74715,7.9895515,20.812206,339.92197,5.8008194
23.0,94.91748,439.951,350.68143,16.90156,21.590229,600.0943,4.8044877
4.5145826,60.03958,98.79257,116.5992,5.0448713,4.076481,250.00005,6.6447473
18.125343,92.58451,439.50305,277.91202,8.53075,21.594612,617.7361,5.258442
4.510189,59.37375,98.789604,110.01259,4.026239,4.076481,250.0,6.6191807
4.5142727,59.963318,98.91379,113.480255,5.8328414,4.0764885,250.16087,6.3595843
4.510266,58.94578,98.79091,125.27697,4.1682787,4.076481,250.00008,6.78218
4.514826,60.85168,98.79533,153.18472,5.0568185,4.076481,250.00008,6.720661
23.0,94.91755,440.0,350.7704,17.12612,21.577303,625.3639,4.575075
4.5484867,59.737667,98.789474,112.24832,4.694329,4.076481,250.0,6.460493
4.519607,57.188557,98.78923,107.52683,4.084883,4.076481,250.0,6.6568003
4.530727,60.889503,98.85007,132.38419,5.8431673,4.076481,250.02756,6.7127357
4.5188823,71.40495,316.86432,152.0712,8.849423,21.594593,570.6709,5.7035604
4.5709176,72.810684,411.5238,159.88583,6.964134,21.594767,600.6249,5.7519107
4.527035,58.857197,101.363655,135.80284,5.9528494,4.120555,254.13664,6.266321
4.55119,57.16555,98.97007,137.59456,5.1559825,4.0764937,250.51495,6.595011
4.526207,72.58092,165.56279,220.4101,11.837064,21.578897,479.65332,5.495192
4.506445,56.313,98.78911,112.46617,3.8729615,4.076481,250.0,6.640265
22.971865,94.76211,439.8369,332.902,15.332226,21.59352,606.90533,5.3920584
4.5398993,59.224842,98.792114,128.5846,4.5897756,4.076481,250.00012,6.65719
4.5287976,62.10928,98.7971,145.76088,5.974161,4.076481,250.00941,6.7511954
15.63881,92.35149,430.645,248.97664,11.823127,21.59305,576.4106,5.382265
4.5092015,77.506256,277.0656,183.58806,9.49714,21.594955,598.4895,5.5275106
4.5300903,60.880142,98.79639,136.49144,4.9761667,4.076481,250.00172,6.57528
4.5212274,57.619972,98.78915,108.570854,4.0175753,4.076481,250.0,6.6234694
4.5254683,58.743744,98.79382,135.98509,4.282621,4.076481,250.0008,6.4947486
22.999998,94.91743,439.99908,350.31903,16.933426,21.58746,621.1718,4.736535
4.5171366,60.691868,98.81212,122.08115,4.512558,4.076481,250.01083,6.687273
23.0,94.91754,439.99756,350.7482,17.08471,21.520548,601.4126,4.6569285
22.999987,94.9172,439.99527,350.32944,16.780993,21.55212,584.1554,4.707576
4.7975335,79.613976,395.083,186.24814,9.595761,21.594975,599.2046,5.3235483
4.527787,62.9673,98.79483,125.505165,4.700954,4.076481,250.00087,6.7253137
23.0,94.91755,440.0,350.77045,17.12906,21.592962,626.92816,4.5705256
4.522497,59.77323,99.179855,121.32287,6.446674,4.101779,255.9678,6.505157
4.5233727,59.273445,109.46516,115.37987,6.2916846,17.611172,303.93658,6.0097175
22.978617,94.84565,435.4377,337.11417,15.266947,21.591745,531.6304,5.413238
22.899532,94.73143,439.7576,336.20853,15.430734,21.593098,603.3068,5.396981
23.0,94.91712,439.97562,350.4765,16.942532,21.58765,600.118,4.811164
23.0,94.91752,439.99283,350.69583,17.08688,21.581223,604.5152,4.71484
23.0,94.91752,439.99677,350.63235,16.953733,21.58806,608.2754,4.848396
4.5098166,58.58138,99.59161,140.24855,9.005825,4.1310806,254.19638,6.3040423
4.536614,58.282627,98.8072,144.33119,6.0253572,4.076481,250.01262,6.601573
4.548347,59.325966,98.79434,119.39686,4.3797445,4.076481,250.00018,6.667535
20.964901,94.51053,429.6719,278.21625,14.669478,21.592625,594.2,5.3415537
4.515565,61.9492,98.969055,116.44416,5.065009,4.0765166,250.23027,6.6316276
22.999998,94.91729,439.9939,350.6158,16.802559,21.583874,613.2421,4.738645
4.535027,56.710365,98.789154,108.545876,3.9567256,4.076481,250.0,6.652862
4.526644,59.546303,98.80314,131.16008,4.293141,4.076481,250.02902,6.7005935
6.0149846,93.465836,242.35057,289.07495,10.897973,21.592741,557.133,5.4915385
4.553794,59.414135,98.789734,102.10249,4.2138577,4.076481,250.00008,6.6465373
5.2740293,78.12172,328.05344,200.08295,13.445583,21.594553,580.9874,5.3802395
4.560368,58.100758,98.79048,164.68938,4.45039,4.076481,250.00005,6.298315
6.0988045,78.98677,392.46146,209.13403,11.131791,21.594715,592.91986,5.7336316
22.990225,94.86523,438.3628,341.1614,16.122248,21.548233,575.44293,5.456675
4.5156727,70.67959,274.82693,151.88277,10.414912,21.594942,589.47064,5.6834803
23.0,94.91755,440.0,350.77045,17.12742,21.585716,625.43097,4.5744147
4.5160813,62.27344,98.80347,126.31399,5.73661,4.076481,250.00645,6.6954975
4.5191884,58.131714,98.79015,114.703156,4.030505,4.076481,250.0,6.4002895
8.63352,88.627304,352.56125,221.76787,10.874319,21.585604,546.4189,5.7695875
22.999125,94.864006,439.84973,347.68927,15.385064,21.592066,607.23694,5.472293
4.5207148,59.363564,98.789505,124.41887,4.622117,4.076481,250.0,6.670253
4.65994,71.23591,381.6694,242.7086,7.2438664,21.594984,608.591,5.857747
4.510678,59.71266,98.78963,108.226555,4.118538,4.076481,250.00003,6.5581765
4.530047,62.806248,98.79315,125.486694,5.582055,4.076481,250.00116,6.5312614
4.564829,63.979984,98.819046,120.094406,5.3122907,4.076481,250.00484,6.7003546
4.5434694,68.10095,99.112885,131.75151,8.747513,4.0764856,250.15154,6.525145
12.404401,93.41631,377.1515,274.7981,11.125282,21.592012,544.3526,5.5473742
4.6735406,72.203,395.8754,161.15186,8.254471,21.594936,592.4825,5.025342
4.9049864,85.80767,337.02856,166.28444,8.963279,21.594536,588.543,5.6422987
4.534969,58.636986,99.03913,124.70714,6.1605573,4.0769186,253.34842,6.068678
23.0,94.91755,440.0,350.77045,17.12968,21.577747,626.8273,4.5675826
22.988787,94.82865,439.779,347.74442,15.949493,21.587547,606.0041,5.2137976
4.517201,56.595486,98.7892,128.8224,4.058883,4.076481,250.0,6.710941
15.835531,94.01789,357.7742,274.6965,14.311846,21.593204,570.3841,5.5461574
4.643206,75.45553,345.88126,189.91252,11.295449,21.594814,592.86005,5.702856
4.515078,85.670265,102.20753,165.49983,11.966302,5.0879636,257.55286,6.008756
4.5324225,76.69942,329.03262,156.01051,8.401501,21.594774,569.9086,5.3620796
4.545294,58.782383,98.79074,127.40824,4.7609906,4.076481,250.0,6.681353
4.5119905,61.636105,99.795944,139.58202,7.4479084,4.0918593,258.81738,6.46169
4.5058556,58.923923,109.41045,129.61943,6.141859,20.74634,413.64865,6.487977
4.5122676,65.30909,264.91614,138.89474,10.175416,21.594282,588.21466,5.65184
4.5201178,58.768555,98.79125,111.15515,5.21975,4.076481,250.00066,6.477134
4.522409,61.360798,98.87598,134.5312,5.036553,4.076481,250.06143,6.631266
4.524139,63.758453,98.91986,115.06976,7.0733953,4.076482,250.06474,6.5611115
4.5480075,74.531906,191.58046,204.06558,14.432862,21.594788,591.60516,5.7252316
22.999985,94.9171,439.99463,350.34137,17.014433,21.588936,624.17377,4.770454
4.531165,62.083164,99.625595,117.04934,8.348726,4.0768647,253.84862,6.5815763
22.999641,94.91422,439.53174,347.75894,16.174726,21.579489,590.00867,5.347878
4.5339136,65.57207,272.91565,136.15147,9.464698,21.594412,597.59283,5.226929
22.80937,94.767654,433.02808,328.6066,14.343916,21.589312,552.0856,5.4559646
4.534514,81.233635,226.97144,155.65335,9.399689,21.594843,591.6382,5.681715
4.509198,59.601944,110.34189,131.84254,6.307316,21.199133,348.16693,6.4317884
4.515804,59.82046,98.85264,220.70688,7.615014,4.076481,250.05376,6.7010536
4.5262985,56.25473,98.78918,110.29756,4.0515604,4.076481,250.0,6.691695
4.5153303,73.962715,136.38,227.41376,11.060552,21.589201,410.38797,5.764116
8.331193,89.77002,328.15863,172.58696,12.389015,21.594685,596.4001,5.8671293
5.9041715,86.97079,407.00452,224.69177,8.0564995,21.594389,605.6288,5.8785553
22.922506,94.84161,438.05212,312.85522,14.567813,21.580908,588.1066,5.5365787
6.6958575,88.22418,432.07153,275.22995,12.494861,21.594614,590.3298,5.4032993
4.518197,61.104733,99.0457,120.74325,4.755507,4.0764985,250.07303,6.531386
8.622467,92.07587,362.39752,224.21217,12.135794,21.593857,586.05774,5.7815795
23.0,94.91755,439.99942,350.76697,17.08257,21.578169,588.7732,4.7008414
22.99989,94.915474,439.9935,347.28403,15.896764,21.592756,605.00885,5.1047125
18.336582,93.160576,397.8697,226.9262,13.444366,21.592066,542.0182,5.86349
4.5437646,69.13274,263.23535,172.17393,9.076917,21.594738,571.52106,5.754222
4.5259614,57.658062,98.789635,122.65276,4.059661,4.076481,250.00009,6.4832697
4.518761,60.653404,98.79083,136.34248,4.1084886,4.076481,250.00003,6.7031136
4.516569,63.202415,99.54842,113.56873,6.264438,4.079044,254.23975,6.62695
4.5197697,58.510372,98.79287,115.395676,5.3393593,4.076481,250.00017,6.6661525
4.5084214,59.695553,99.222145,129.58768,5.619845,4.0768466,251.30731,6.589732
6.5343018,88.383804,427.17258,224.66728,11.618227,21.594278,590.2762,5.4879107
4.561108,58.3163,98.78946,142.50397,4.408628,4.076481,250.00003,6.457368
23.0,94.9175,439.9977,350.6079,16.951513,21.580767,602.554,4.7528763
4.531093,86.015755,269.5681,251.13649,10.445766,21.59334,518.4204,5.43594
23.0,94.91755,440.0,350.77045,17.12974,21.587826,626.3629,4.5695124
4.5205154,59.315586,98.78939,114.69728,4.1968837,4.076481,250.0,6.578818
4.510671,61.82462,109.65725,138.15688,7.7916064,8.607529,317.74045,6.1864085
4.5864735,58.95606,98.81701,119.059204,4.6049604,4.076481,250.02174,6.825049
22.901161,94.72206,437.8415,318.29016,13.598353,21.592676,565.79486,5.4040465
4.540313,62.912514,99.06584,145.66655,8.595434,4.0764875,250.2683,6.3698926
23.0,94.91745,439.99585,350.63055,16.993513,21.57668,613.23047,4.8035893
4.5264196,58.805153,98.789696,121.687874,4.658033,4.076481,250.0,6.637272
4.5049477,61.588505,105.95781,114.55905,5.2457724,16.795275,333.8799,6.538007
4.5339155,63.54175,100.19756,149.54651,6.8915877,4.1761,276.73456,6.303072
4.537111,60.88781,98.79172,131.9162,5.1975536,4.076481,250.0004,6.6134806
19.165628,91.74046,435.901,233.75172,10.929874,21.59299,612.05316,5.602674
4.502989,60.94293,99.75735,135.43,6.113932,4.115998,257.04083,6.6415377
4.5126014,61.350132,99.0907,133.82239,5.671905,4.0795827,253.41484,6.552942
23.0,94.91755,440.0,350.77005,17.120438,21.575031,621.1177,4.5731525
4.5527315,60.664394,260.7392,148.47281,6.012383,21.594189,601.9832,6.2779408
23.0,94.91755,439.99994,350.76978,17.107924,21.587234,613.55804,4.62666
22.972137,94.80889,438.52643,339.49228,15.859196,21.591019,595.3107,5.6775303
4.5792522,58.47597,98.79013,123.50362,4.5118833,4.076481,250.00064,6.508529
23.0,94.91755,439.99976,350.75662,17.09459,21.57752,615.8677,4.702083
23.0,94.91755,439.99994,350.76437,17.117872,21.573763,617.86395,4.584283
22.997267,94.89669,439.9939,345.20425,15.867059,21.589653,613.0341,5.056259
22.632929,94.590836,438.27237,312.06857,14.26839,21.593021,594.92706,5.448021
4.515916,61.33401,99.4219,120.041245,6.8366957,4.0774817,252.87152,6.531208
16.976192,91.30308,418.08362,268.21472,9.660236,21.587898,589.2589,5.4434166
22.458435,94.303825,437.48245,330.29056,15.316095,21.591854,591.2926,5.387033
16.671627,93.13628,431.7193,257.50714,11.264665,21.588947,528.4155,5.2616243
4.5258317,63.92279,101.77436,134.81674,5.8068037,5.1042433,292.91055,6.284515
22.998878,94.91004,439.7389,346.29465,15.354601,21.584978,587.77563,5.2056193
4.5221925,57.474724,98.789215,130.34486,4.3463664,4.076481,250.0,6.7286053
4.527492,61.45377,99.22596,105.07675,4.67993,4.076578,250.59506,6.6242313
4.516415,57.483223,98.79665,120.238144,4.0137615,4.076481,250.00027,6.6022577
4.5241103,72.1561,348.1946,172.12459,11.146771,21.594942,605.9547,5.4041505
4.854982,74.097885,295.3545,247.73459,11.894978,21.579319,578.7493,5.427787
4.552691,58.81018,98.81426,122.53313,4.8153143,4.076481,250.00468,6.5989866
4.5466404,72.84352,156.19055,172.14073,8.339238,21.593136,545.25,5.9207096
4.516104,61.178616,98.80643,107.110794,4.7362695,4.076481,250.00899,6.700654
4.535834,57.873394,98.82104,135.04617,4.9753585,4.076481,250.01031,6.621666
4.5258517,62.953636,98.8105,116.5471,5.946955,4.076481,250.00143,6.6449146
17.26287,93.671234,426.1831,277.0452,14.40565,21.592031,558.595,5.0790176
7.716876,87.72455,300.4724,287.71664,13.416849,21.593079,513.4212,5.8644114
22.97964,94.8216,439.33914,329.79306,13.9238,21.592411,604.1755,5.5029554
22.933886,94.77765,428.49463,327.4333,14.116405,21.59342,562.3097,5.3023276
4.5523252,61.84955,98.79251,153.27876,5.6149898,4.076481,250.00066,6.4397764
23.0,94.91749,439.99707,350.69348,17.068724,21.551704,613.0783,4.6510715
4.5388823,57.94938,98.792114,126.451454,4.401262,4.076481,250.00153,6.3480315
23.0,94.91755,440.0,350.7704,17.122366,21.583536,619.6511,4.574161
21.380022,93.46745,436.36966,293.71225,12.067411,21.589668,520.92346,5.131315
4.532156,58.962513,98.80085,103.88147,4.6369486,4.076481,250.00107,6.562566
18.146624,93.41047,430.8844,225.04582,10.312479,21.591345,595.50146,5.433363
6.229545,89.90355,401.70465,210.28268,6.156955,21.594069,597.0321,5.798286
4.5141325,64.50573,104.25847,161.87865,8.27543,8.715286,316.29745,6.501164
23.0,94.91729,439.85367,350.43854,16.68043,21.586056,589.51196,5.3959136
13.132151,85.39499,331.63077,259.3456,11.132983,21.592255,575.123,5.927737
4.5067296,60.22975,106.09455,134.0659,6.1049523,19.107004,340.58636,6.5423017
4.5333257,60.895573,98.791,112.007706,4.5973787,4.076481,250.00005,6.429989
23.0,94.91755,440.0,350.7685,17.115717,21.579147,618.79315,4.6194043
4.609182,82.55722,420.46985,135.32857,5.959473,21.59496,594.05316,5.878511
4.5279856,66.63283,99.09447,139.02719,10.2880335,4.076507,251.28665,6.54371
4.5369678,62.365593,98.79532,121.22247,5.242448,4.076481,250.00046,6.7457166
22.688522,94.65874,436.48096,313.19604,12.386175,21.591242,573.18353,5.0353026
4.5817285,77.45229,353.18903,168.63763,8.748535,21.594849,590.34515,5.3527055
4.5147505,57.599743,99.60236,123.48099,5.6747375,4.2408338,254.24896,6.330195
4.5101986,66.7507,99.13879,126.28367,8.14166,4.0765595,251.84761,6.5528784
4.5096025,62.118538,99.242,137.48773,7.2612824,4.0789266,255.67691,6.3502073
4.510741,59.652058,102.9671,120.76112,4.442507,4.258404,268.5828,6.4763474
4.526904,57.995552,98.94101,129.5319,5.193487,4.0769525,251.45653,6.709712
22.999998,94.917465,439.5596,350.50146,16.931168,21.579641,585.9812,5.415586
22.999949,94.91299,439.90887,348.7102,16.355776,21.587526,596.4451,5.208048
22.066168,94.703545,427.28055,305.8802,13.259895,21.584362,579.0987,5.6981187
11.171624,90.94198,431.25403,231.81276,8.947103,21.594608,608.84955,5.5436883
4.518982,60.642555,99.10112,138.48375,5.452875,4.0766973,251.92047,6.301057
4.5160356,58.555252,98.79382,117.42993,4.576799,4.076481,250.00143,6.298489
22.99997,94.915306,439.89923,350.23953,16.890047,21.586044,544.1768,4.882013
22.83948,94.871025,432.41104,318.89487,14.765592,21.582928,588.4642,5.3068376
4.5294137,56.141235,98.789116,112.53781,3.9530861,4.076481,250.0,6.8376074
20.915794,93.87259,438.13214,271.7669,10.174084,21.591423,608.7761,5.5398445
4.524533,58.82069,98.84347,132.98683,4.977735,4.076481,250.00932,6.75359
22.897802,94.83662,437.49442,337.154,15.73586,21.57661,576.8599,5.5215816
4.5263615,60.90918,98.7996,115.62491,5.267135,4.076481,250.0037,6.8064933
4.503875,57.913525,169.97809,131.2624,5.723266,21.594255,593.6369,5.8754754
4.5020485,58.56302,170.12119,138.21428,6.505932,21.594881,603.2608,6.1640983
12.065068,86.05173,418.8353,243.70216,9.805235,21.592379,586.528,5.5135264
4.5145507,62.84404,98.79435,127.91047,4.362643,4.076481,250.00023,6.811696
5.948453,86.86559,426.56183,208.30714,10.801984,21.594233,594.03375,5.545204
4.5349455,74.9218,326.0777,195.89064,10.549105,21.5947,554.7681,5.376543
4.5964813,77.842575,294.35657,155.28836,12.282602,21.594591,554.1973,5.5033197
23.0,94.91755,440.0,350.7704,17.12717,21.528463,618.34985,4.5916467
4.519746,59.81151,99.2614,135.09363,6.0535398,4.07745,251.20189,6.1657577
4.5232043,62.105465,146.18567,140.39815,6.502735,14.869101,384.74152,6.242522
22.999992,94.91708,439.92953,350.57404,16.95179,21.581059,611.4441,5.061712
4.508896,58.56289,98.973915,143.90831,5.8646255,4.076508,250.39261,6.487152
11.632521,90.09568,429.42325,269.3619,9.443913,21.594095,593.7576,5.333621
23.0,94.91754,439.9995,350.7469,17.085808,21.558977,605.65643,4.6645765
4.945681,78.81096,376.4032,237.67084,11.828298,21.594858,587.03986,5.339674
5.48637,88.882545,411.0671,216.00371,9.303567,21.594652,599.5525,5.6349273
4.591121,59.556377,98.78972,123.25139,5.007342,4.076481,250.0,6.7643533
4.505599,62.62533,99.59839,148.77477,5.134206,4.1021786,253.62357,6.4738154
4.5083456,58.461212,98.80045,129.02428,4.3035464,4.076481,250.00165,6.8438897
23.0,94.917175,439.98605,350.49698,16.955114,21.575897,579.32745,4.8480034
4.5069156,64.05268,186.65617,149.62404,5.91707,21.56636,508.92648,6.6452985
20.756248,94.24927,436.63034,291.2606,10.956627,21.589699,588.64984,5.2181935
22.435078,94.38343,437.25412,314.59882,12.903205,21.593723,570.9383,5.380658
4.504227,57.907814,98.78911,103.83866,3.956764,4.076481,250.0,6.611002
22.999578,94.90861,439.9984,347.64514,11.833537,21.593374,619.63916,4.8824873
4.5087037,60.886364,112.60305,160.97684,9.532966,21.517971,508.43085,6.1281257
4.515856,74.325485,198.50348,176.60864,10.046465,21.577688,563.49786,5.401908
4.5101247,57.201824,98.78931,114.75765,4.1276636,4.076481,250.0,6.6897016
22.984955,94.77369,439.42398,334.0721,13.618214,21.583462,564.9351,5.6284733
22.999985,94.91718,439.82352,350.46432,16.977621,21.590027,589.5949,4.7762794
4.5449743,59.021675,98.79176,119.46575,4.9281645,4.076481,250.0,6.641224
4.506212,67.988976,198.00693,158.24861,9.311189,21.59473,601.1623,6.116739
13.405361,89.29757,437.29108,264.56284,10.251559,21.594873,608.6735,5.5811243
4.5308347,65.59401,99.201515,127.83091,7.978428,4.0790167,253.10666,6.510718
4.5175767,56.064304,98.78911,107.59702,3.8584735,4.076481,250.0,6.739909
22.777052,94.86862,373.12216,326.24847,15.651575,21.583382,587.87366,5.858853
4.51586,61.854565,99.33367,123.88874,5.7876964,4.0858703,253.52832,6.630625
4.5091696,60.040844,98.88606,151.29707,5.6443677,4.0764885,250.15596,6.5480337
4.5281887,82.59761,141.1305,200.10985,7.9506965,21.594625,512.10944,6.454673
4.5236936,61.476418,98.79496,132.8295,5.3831105,4.076481,250.0003,6.6312275
4.5078144,62.422077,99.55591,127.52413,8.237149,4.0833445,256.65448,6.3520803
4.5118504,72.4772,228.68729,157.76393,11.251893,21.594707,582.9443,5.313312
4.534253,61.579613,107.97655,143.56699,5.930108,4.7424664,267.21466,6.1561713
22.95728,94.85776,431.01428,346.61044,15.721268,21.591225,578.8772,5.4994574
4.512506,61.016853,99.38109,120.64418,6.215702,4.0861998,258.06085,6.548854
9.900872,92.775566,264.8027,279.87827,12.425747,21.593618,518.9245,5.8053775
4.526485,57.884468,98.89073,152.01428,5.68666,4.0764847,250.38171,6.5910482
4.5072613,69.43977,275.3414,164.92361,7.3649673,21.594976,592.6647,5.6224833
4.5092764,61.298767,104.03002,153.731,4.9960103,8.702536,292.95532,6.3298044
4.5040984,69.04901,304.72675,149.48148,9.798337,21.594824,546.504,5.799861
22.999975,94.9164,439.99646,348.37445,16.58106,21.590723,599.37494,4.925777
4.511615,61.377254,98.80744,112.3826,4.8903704,4.076481,250.0016,6.5791245
22.994009,94.815865,439.98575,345.21176,13.954369,21.592665,619.98004,5.089104
7.30135,91.04225,343.8768,175.78403,10.530942,21.593359,540.8141,5.576706
22.99816,94.84887,439.68906,346.1174,16.058008,21.59166,588.2076,5.136771
4.7218304,78.89647,392.1373,226.38043,7.961439,21.594872,583.08356,5.7026467
4.5106936,63.817215,100.27847,139.27571,6.703248,6.0755033,254.80034,6.1922297
23.0,94.91755,439.99994,350.76852,17.11008,21.571316,613.4782,4.586611
10.078762,85.7464,426.50992,193.46007,11.447335,21.59435,605.1939,5.4864535
4.9819055,83.34802,384.77563,177.18866,10.970845,21.590961,546.6626,5.3675585
4.5246186,58.183384,99.22544,128.40314,5.6181784,4.07649,250.20578,6.2936163
4.5451717,60.306213,101.10641,149.46721,7.301262,4.1027822,259.53122,6.4488325
4.504221,65.6029,220.46284,124.74385,8.740505,21.594273,571.656,5.616577
22.896336,94.84384,422.66742,300.10785,14.282339,21.57018,557.3153,5.5734158
4.541624,57.856167,98.78927,129.92422,4.822746,4.076481,250.0,6.6434402
4.505517,60.411255,227.92665,140.42288,6.6035023,21.594126,566.16345,6.2050304
4.514942,78.92243,255.9969,208.4154,8.669834,21.594858,578.9257,5.5586658
4.5356584,61.188187,120.511925,146.58249,6.4847765,9.091166,389.34857,6.3884783
4.8695164,85.22471,285.3397,203.89258,6.8264956,21.592749,532.9853,5.546935
22.996492,94.90783,439.45538,346.07986,14.787271,21.591213,605.83,4.941539
4.5741067,82.71293,325.3353,176.59741,9.946769,21.594915,592.5122,5.6766996
22.999985,94.91711,439.88733,350.23553,16.773283,21.566343,606.2036,5.3202376
22.895203,94.717384,439.76352,328.82016,14.809218,21.590208,611.96814,5.1590524
4.5351834,63.13261,98.80821,112.356285,6.262933,4.076481,250.00233,6.6390786
4.5021305,67.63883,171.74744,181.0041,12.192073,21.593824,559.27264,5.761227
4.9837375,86.937935,423.4172,226.55156,11.363443,21.594946,603.97644,5.0471606
4.540075,62.85307,98.89876,110.164955,7.471967,4.076481,250.02092,6.6457376
22.999998,94.917404,439.9879,350.096,16.910456,21.576563,585.79095,5.033961
4.5097976,56.70214,98.789116,121.48511,4.106265,4.076481,250.0,6.628529
23.0,94.91755,439.99902,350.76566,17.124052,21.574371,614.0954,4.6441107
4.519014,61.311523,98.79315,124.382866,5.6685166,4.076481,250.00009,6.4218025
11.0178175,90.33635,326.0487,215.24966,13.521774,21.593082,570.6669,6.224876
4.5321264,56.652725,98.79467,105.69387,4.093223,4.076481,250.00139,6.3954773
4.5130143,74.41033,134.84857,157.74947,10.20645,21.52447,496.4912,5.827489
5.3436713,89.27957,323.12918,189.81532,9.628196,21.594183,588.05994,5.0964484
4.5299044,57.051014,98.78939,104.38312,4.5194364,4.076481,250.0,6.739901
4.5242,59.138702,98.8013,144.42796,6.362835,4.076481,250.02992,6.3375826
4.5550184,68.98179,385.03738,134.82663,7.512209,21.594963,600.9246,5.595873
4.5216465,57.728344,98.7917,117.13378,4.75909,4.076481,250.00027,6.5757174
4.5047536,57.66891,98.78917,118.20273,4.033012,4.076481,250.0,6.7514944
4.5220585,59.918064,100.28061,122.49991,5.660989,4.117495,259.2393,6.460968
4.522116,59.06847,99.08022,129.97849,6.693261,4.076496,250.21587,6.6844254
21.964375,94.14515,439.85187,276.44077,10.849819,21.593853,604.93506,5.3737473
4.519862,63.27254,98.79236,122.62088,5.8395915,4.076481,250.00027,6.698635
4.80458,88.06692,354.01962,269.6659,12.298818,21.593897,562.7377,5.790992
22.71095,94.6634,416.0646,320.21356,15.2996645,21.58547,536.0369,5.2169876
19.628197,93.854965,421.7643,237.48358,12.07072,21.592161,565.0939,5.374833
4.5240154,64.61954,98.8466,126.570984,8.104206,4.076481,250.00919,6.739115
4.6051607,57.970406,107.30588,140.42513,6.3302097,6.2024617,313.0831,6.5820804
19.650242,93.809616,380.25592,311.30804,15.227422,21.594097,551.1726,5.456282
23.0,94.91755,440.0,350.77045,17.129457,21.578157,624.73645,4.5742373
23.0,94.9169,439.99268,350.57687,16.885628,21.578856,593.8816,4.755146
23.0,94.91754,439.9999,350.7652,16.903534,21.592154,614.01697,4.6450286
4.510403,58.11393,98.80418,119.95806,4.8456993,4.076481,250.00299,6.626502
4.5218062,59.412823,99.43511,140.98694,5.4005127,4.0868163,254.13019,6.3358693
5.2117424,90.31707,430.5212,171.19408,6.9474473,21.594831,606.23425,5.720868
4.515201,64.09685,98.814804,133.90741,6.204119,4.076481,250.00328,6.5655255
4.5272484,62.00521,99.99366,126.66507,6.3939605,4.0783277,253.90541,6.65376
4.5586133,60.693207,99.7415,130.24565,5.504946,4.076775,251.88145,6.517096
4.5207434,59.50088,221.33704,154.80664,5.5596423,21.430992,431.6358,6.5211744
4.5405416,57.579906,98.789154,107.04417,4.0883117,4.076481,250.0,6.7002125
4.5115714,56.224396,98.78911,107.17838,3.95381,4.076481,250.0,6.684095
22.999142,94.91526,439.7891,348.47916,16.54098,21.575611,602.3026,5.3873935
22.999992,94.91675,439.96478,350.06747,16.673126,21.584755,586.1194,5.0344405
15.640297,92.00163,390.41483,282.8805,12.026529,21.591373,575.69025,5.717574
4.913102,81.12784,334.89337,160.024,11.084609,21.594913,604.7992,5.771925
4.5145626,69.53396,200.30748,140.27791,9.452191,21.59415,556.96765,5.349251
5.973213,85.44011,398.9473,189.32828,9.29214,21.594755,585.0367,5.487138
23.0,94.91754,439.99933,350.7658,17.094128,21.59126,600.92505,4.653811
4.505644,61.132057,98.80592,128.84917,5.2176375,4.076481,250.00212,6.6925898
22.99997,94.916954,438.98682,350.22723,16.98878,21.584175,574.28827,5.5101275
20.537802,94.67031,426.7723,298.28952,12.887663,21.594126,584.25903,5.726442
22.999966,94.91464,439.9508,349.60556,16.07046,21.584564,592.4894,5.3381596
22.999899,94.91451,439.9378,349.39954,16.54004,21.582682,601.6669,5.082871
4.53672,59.32124,98.79033,116.46448,4.3003926,4.076481,250.00005,6.6163344
22.999979,94.91539,439.8963,348.56442,16.47434,21.572271,585.19763,5.0273547
23.0,94.91755,440.0,350.77045,17.129442,21.5731,623.8864,4.5678563
4.612036,88.3142,363.35223,194.74054,9.979987,21.594748,598.89795,5.8007426
4.565007,70.538925,300.78516,166.24794,8.601113,21.593725,587.3631,5.8587413
23.0,94.91755,439.99994,350.7699,17.125614,21.577074,618.7023,4.603153
19.987652,93.830345,437.262,249.15015,12.859575,21.58997,597.4073,5.4980555
23.0,94.91753,439.9983,350.71356,17.08122,21.582724,612.86804,4.6968317
23.0,94.91753,439.99365,350.7093,17.076628,21.57158,615.7388,4.6811967
4.5176673,68.49637,341.94516,183.66492,10.387975,21.594967,590.8945,5.448464
4.7379527,81.806274,339.1169,165.85721,8.464631,21.59418,580.63873,5.647348
23.0,94.91754,439.99994,350.74884,17.082293,21.573708,613.1909,4.717272
4.7976265,81.99686,407.84494,180.48944,10.76707,21.59494,595.2504,5.3808694
4.537896,58.878304,98.80146,109.200455,4.5619097,4.076481,250.00087,6.612326
4.524312,61.578915,119.49603,131.3386,7.854224,11.126965,318.2742,6.439
4.54914,61.10382,100.03465,148.47067,6.2447815,4.0783052,252.95404,6.2492433
5.8667655,90.889824,375.89243,208.2837,9.002804,21.59148,572.31665,5.639684
22.287611,94.36669,431.89062,286.0427,8.761323,21.591084,588.5693,5.9790716
4.513485,58.85051,98.79045,125.895355,4.210598,4.076481,250.00003,6.8037963
22.999044,94.91208,437.94992,348.08865,16.780315,21.555716,566.4414,5.0398154
4.51771,58.265465,98.78921,109.71529,3.9671063,4.076481,250.0,6.7561126
23.0,94.91751,439.91293,350.37524,16.918776,21.571238,580.47595,5.045448
8.3199625,90.730995,411.08084,206.64212,12.279751,21.593773,587.9897,5.3882413
4.5243273,80.750275,185.93643,207.86105,10.019363,21.594568,539.16376,5.739621
4.527119,57.998474,98.78938,107.88171,4.4804244,4.076481,250.0,6.542499
23.0,94.91743,439.99902,350.67725,17.00067,21.587873,614.14136,4.9170322
23.0,94.91755,439.9999,350.7696,17.11991,21.52314,618.2854,4.5982423
4.517211,57.81484,98.79045,115.74777,4.3018203,4.076481,250.0,6.6258435
4.539604,57.434135,98.79171,114.51313,4.1811905,4.076481,250.00008,6.513159
4.5105476,58.434185,99.37174,116.345985,5.154621,4.0782313,251.37987,6.6614547
4.53938,60.04947,98.78945,109.53542,4.544701,4.076481,250.0,6.746925
4.527221,58.862694,98.79929,118.691605,4.4679527,4.076481,250.00244,6.6286383
4.506789,60.779694,98.78927,103.85697,4.248447,4.076481,250.0,6.7842245
4.5407906,64.55636,105.461784,134.96451,8.690038,5.05949,287.69205,6.4312134
4.5175014,61.010113,99.77672,114.189575,5.273181,4.121332,259.04803,6.390354
4.507054,59.643196,98.81157,130.52333,5.6615496,4.076481,250.00906,6.5566807
22.964,94.883316,438.94516,340.4626,13.705917,21.587278,592.126,5.1949563
4.545189,57.969532,99.72726,154.33679,6.5868444,4.078122,253.85837,6.54288
4.784188,76.79043,329.844,166.24258,10.942518,21.591799,601.6929,5.7844067
4.5085654,62.610706,99.38664,114.71429,6.2618675,4.1958294,262.49506,6.2324023
4.5208564,61.43568,98.79999,122.60349,5.234436,4.076481,250.00082,6.5011992
4.5055237,76.8017,126.56315,169.54155,11.894448,21.506414,434.71375,5.2261996
4.5373645,61.317516,100.15823,121.087585,7.2688646,4.076775,250.36899,6.491489
4.5162244,60.282856,108.8829,137.73381,4.731905,20.260921,407.06754,6.2724814
4.5223274,60.994278,98.89415,154.10838,6.8010545,4.076482,250.06168,6.5510435
22.99978,94.91432,439.77527,349.932,16.653212,21.58157,593.6575,5.140447
12.834683,93.91872,300.7265,273.5024,13.883682,21.592249,555.9934,5.667433
4.526708,63.11105,98.802864,114.53007,5.2836714,4.076481,250.00563,6.6219025
4.5066357,60.925873,111.5429,144.98665,8.799094,20.293028,366.5408,5.954677
4.5127826,60.736168,98.79487,134.12027,4.402837,4.076481,250.0006,6.622797
22.999985,94.91538,439.98157,350.19556,16.875004,21.588379,600.382,4.9082785
4.503729,59.232494,113.29222,140.30513,7.7313876,21.57077,472.6849,6.182874
22.999987,94.91711,439.9972,350.37814,16.97491,21.578663,617.72687,4.8637857
23.0,94.91755,439.99994,350.76984,17.121977,21.574856,617.57086,4.6115723
4.5094867,62.44769,98.79813,131.88416,5.1638503,4.076481,250.00197,6.4824634
4.5622187,59.08104,98.7942,112.30626,4.464394,4.076481,250.00061,6.5734544
4.562921,59.23002,98.846,121.62102,4.5443993,4.076481,250.0062,6.7549143
4.510902,56.664574,98.78911,113.54207,3.9311423,4.076481,250.0,6.3507376
23.0,94.91751,439.99945,350.7532,17.062449,21.591675,615.95245,4.7146473
4.5171876,60.151466,98.80353,126.17788,5.0536475,4.076481,250.00026,6.540226
5.7517695,86.272964,384.69266,211.76956,9.110356,21.592926,577.9837,5.783638
4.507078,62.050915,113.686325,134.45807,4.6759076,20.693182,353.32465,6.4574
7.678078,91.27961,334.49475,214.99667,13.120551,21.594175,598.8009,5.417962
4.5332217,71.950165,298.14087,209.60605,11.510391,21.594934,569.79645,5.115629
4.5163965,56.805996,98.790115,120.448135,4.8804197,4.076481,250.0,6.6495805
4.5334325,61.429016,98.789825,133.60564,4.919977,4.076481,250.0,6.662776
18.988987,93.59403,437.56158,251.35898,12.743732,21.594557,600.98895,5.2143054
23.0,94.91755,439.99994,350.76923,17.090643,21.586227,609.9239,4.635787
4.509646,62.002083,115.12717,171.42943,7.5815506,21.268028,395.5562,6.1144776
